{
  "1,1,1-trichloroethane": {
    "acidity": 0.0,
    "aromaticity": 0.0,
    "basicity": 0.09,
    "dielectric": 7.0826,
    "electronegative halogenicity": 0.6,
    "gamma": 36.24,
    "is water": false,
    "refractive index 293K": 1.4379,
    "refractive index 298K": 1.4379
  },
  "1,1,2-trichloroethane": {
    "acidity": 0.13,
    "aromaticity": 0.0,
    "basicity": 0.13,
    "dielectric": 7.1937,
    "electronegative halogenicity": 0.6,
    "gamma": 48.97,
    "is water": false,
    "refractive index 293K": 1.4717,
    "refractive index 298K": 1.4717
  },
  "1,2,4-trimethylbenzene": {
    "acidity": 0.0,
    "aromaticity": 0.667,
    "basicity": 0.19,
    "dielectric": 2.3653,
    "electronegative halogenicity": 0.0,
    "gamma": 42.03,
    "is water": false,
    "refractive index 293K": 1.5048,
    "refractive index 298K": 1.5048
  },
  "1,2-dibromoethane": {
    "acidity": 0.1,
    "aromaticity": 0.0,
    "basicity": 0.17,
    "dielectric": 4.9313,
    "electronegative halogenicity": 0.5,
    "gamma": 56.93,
    "is water": false,
    "refractive index 293K": 1.5387,
    "refractive index 298K": 1.5387
  },
  "1,2-dichloroethane": {
    "acidity": 0.1,
    "aromaticity": 0.0,
    "basicity": 0.11,
    "dielectric": 10.125,
    "electronegative halogenicity": 0.5,
    "gamma": 45.86,
    "is water": false,
    "refractive index 293K": 1.4448,
    "refractive index 298K": 1.4448
  },
  "1,2-ethanediol": {
    "acidity": 0.58,
    "aromaticity": 0.0,
    "basicity": 0.78,
    "dielectric": 40.245,
    "electronegative halogenicity": 0.5,
    "gamma": 69.07,
    "is water": false,
    "refractive index 293K": 1.4318,
    "refractive index 298K": 1.4318
  },
  "1,4-dioxane": {
    "acidity": 0.0,
    "aromaticity": 0.0,
    "basicity": 0.64,
    "dielectric": 2.2099,
    "electronegative halogenicity": 0.0,
    "gamma": 47.14,
    "is water": false,
    "refractive index 293K": 1.4224,
    "refractive index 298K": 1.4224
  },
  "1-bromo-2-methylpropane": {
    "acidity": 0.0,
    "aromaticity": 0.0,
    "basicity": 0.12,
    "dielectric": 7.7792,
    "electronegative halogenicity": 0.2,
    "gamma": 34.69,
    "is water": false,
    "refractive index 293K": 1.4348,
    "refractive index 298K": 1.4348
  },
  "1-bromooctane": {
    "acidity": 0.0,
    "aromaticity": 0.0,
    "basicity": 0.12,
    "dielectric": 5.0244,
    "electronegative halogenicity": 0.111,
    "gamma": 41.28,
    "is water": false,
    "refractive index 293K": 1.4524,
    "refractive index 298K": 1.4524
  },
  "1-bromopentane": {
    "acidity": 0.0,
    "aromaticity": 0.0,
    "basicity": 0.12,
    "dielectric": 6.269,
    "electronegative halogenicity": 0.25,
    "gamma": 38.7,
    "is water": false,
    "refractive index 293K": 1.4447,
    "refractive index 298K": 1.4447
  },
  "1-bromopropane": {
    "acidity": 0.0,
    "aromaticity": 0.0,
    "basicity": 0.12,
    "dielectric": 8.0496,
    "electronegative halogenicity": 0.25,
    "gamma": 36.36,
    "is water": false,
    "refractive index 293K": 1.4343,
    "refractive index 298K": 1.4343
  },
  "1-butanol": {
    "acidity": 0.37,
    "aromaticity": 0.0,
    "basicity": 0.48,
    "dielectric": 17.332,
    "electronegative halogenicity": 0.0,
    "gamma": 35.88,
    "is water": false,
    "refractive index 293K": 1.3993,
    "refractive index 298K": 1.3993
  },
  "1-chlorohexane": {
    "acidity": 0.0,
    "aromaticity": 0.0,
    "basicity": 0.1,
    "dielectric": 5.9491,
    "electronegative halogenicity": 0.143,
    "gamma": 37.03,
    "is water": false,
    "refractive index 293K": 1.4199,
    "refractive index 298K": 1.4199
  },
  "1-chloropentane": {
    "acidity": 0.0,
    "aromaticity": 0.0,
    "basicity": 0.1,
    "dielectric": 6.5022,
    "electronegative halogenicity": 0.167,
    "gamma": 35.12,
    "is water": false,
    "refractive index 293K": 1.4127,
    "refractive index 298K": 1.4127
  },
  "1-chloropropane": {
    "acidity": 0.0,
    "aromaticity": 0.0,
    "basicity": 0.1,
    "dielectric": 8.3548,
    "electronegative halogenicity": 0.25,
    "gamma": 30.66,
    "is water": false,
    "refractive index 293K": 1.3879,
    "refractive index 298K": 1.3879
  },
  "1-decanol": {
    "acidity": 0.37,
    "aromaticity": 0.0,
    "basicity": 0.48,
    "dielectric": 7.5305,
    "electronegative halogenicity": 0.0,
    "gamma": 41.04,
    "is water": false,
    "refractive index 293K": 1.4372,
    "refractive index 298K": 1.4372
  },
  "1-fluorooctane": {
    "acidity": 0.0,
    "aromaticity": 0.0,
    "basicity": 0.1,
    "dielectric": 3.89,
    "electronegative halogenicity": 0.111,
    "gamma": 33.92,
    "is water": false,
    "refractive index 293K": 1.3935,
    "refractive index 298K": 1.3935
  },
  "1-heptanol": {
    "acidity": 0.37,
    "aromaticity": 0.0,
    "basicity": 0.48,
    "dielectric": 11.321,
    "electronegative halogenicity": 0.0,
    "gamma": 38.5,
    "is water": false,
    "refractive index 293K": 1.4249,
    "refractive index 298K": 1.4249
  },
  "1-hexanol": {
    "acidity": 0.37,
    "aromaticity": 0.0,
    "basicity": 0.48,
    "dielectric": 12.51,
    "electronegative halogenicity": 0.0,
    "gamma": 37.15,
    "is water": false,
    "refractive index 293K": 1.4178,
    "refractive index 298K": 1.4178
  },
  "1-hexene": {
    "acidity": 0.0,
    "aromaticity": 0.0,
    "basicity": 0.07,
    "dielectric": 2.0717,
    "electronegative halogenicity": 0.0,
    "gamma": 25.76,
    "is water": false,
    "refractive index 293K": 1.3837,
    "refractive index 298K": 1.3837
  },
  "1-hexyne": {
    "acidity": 0.12,
    "aromaticity": 0.0,
    "basicity": 0.1,
    "dielectric": 2.615,
    "electronegative halogenicity": 0.0,
    "gamma": 28.79,
    "is water": false,
    "refractive index 293K": 1.3989,
    "refractive index 298K": 1.3989
  },
  "1-iodobutane": {
    "acidity": 0.0,
    "aromaticity": 0.0,
    "basicity": 0.15,
    "dielectric": 6.173,
    "electronegative halogenicity": 0.0,
    "gamma": 40.65,
    "is water": false,
    "refractive index 293K": 1.5001,
    "refractive index 298K": 1.5001
  },
  "1-iodohexadecane": {
    "acidity": 0.0,
    "aromaticity": 0.0,
    "basicity": 0.15,
    "dielectric": 3.5338,
    "electronegative halogenicity": 0.0,
    "gamma": 46.48,
    "is water": false,
    "refractive index 293K": 1.4806,
    "refractive index 298K": 1.4806
  },
  "1-iodopentane": {
    "acidity": 0.0,
    "aromaticity": 0.0,
    "basicity": 0.15,
    "dielectric": 5.6973,
    "electronegative halogenicity": 0.0,
    "gamma": 41.56,
    "is water": false,
    "refractive index 293K": 1.4959,
    "refractive index 298K": 1.4959
  },
  "1-iodopropane": {
    "acidity": 0.0,
    "aromaticity": 0.0,
    "basicity": 0.15,
    "dielectric": 6.9626,
    "electronegative halogenicity": 0.0,
    "gamma": 41.45,
    "is water": false,
    "refractive index 293K": 1.5058,
    "refractive index 298K": 1.5058
  },
  "1-nitropropane": {
    "acidity": 0.0,
    "aromaticity": 0.0,
    "basicity": 0.31,
    "dielectric": 23.73,
    "electronegative halogenicity": 0.0,
    "gamma": 43.32,
    "is water": false,
    "refractive index 293K": 1.4018,
    "refractive index 298K": 1.4018
  },
  "1-nonanol": {
    "acidity": 0.37,
    "aromaticity": 0.0,
    "basicity": 0.48,
    "dielectric": 8.5991,
    "electronegative halogenicity": 0.0,
    "gamma": 40.14,
    "is water": false,
    "refractive index 293K": 1.4333,
    "refractive index 298K": 1.4333
  },
  "1-octanol": {
    "acidity": 0.37,
    "aromaticity": 0.0,
    "basicity": 0.48,
    "dielectric": 9.8629,
    "electronegative halogenicity": 0.0,
    "gamma": 39.01,
    "is water": false,
    "refractive index 293K": 1.4295,
    "refractive index 298K": 1.4295
  },
  "1-pentanol": {
    "acidity": 0.37,
    "aromaticity": 0.0,
    "basicity": 0.48,
    "dielectric": 15.13,
    "electronegative halogenicity": 0.0,
    "gamma": 36.5,
    "is water": false,
    "refractive index 293K": 1.4101,
    "refractive index 298K": 1.4101
  },
  "1-pentene": {
    "acidity": 0.0,
    "aromaticity": 0.0,
    "basicity": 0.07,
    "dielectric": 1.9905,
    "electronegative halogenicity": 0.0,
    "gamma": 22.24,
    "is water": false,
    "refractive index 293K": 1.3715,
    "refractive index 298K": 1.3715
  },
  "1-propanol": {
    "acidity": 0.37,
    "aromaticity": 0.0,
    "basicity": 0.48,
    "dielectric": 20.524,
    "electronegative halogenicity": 0.0,
    "gamma": 33.57,
    "is water": false,
    "refractive index 293K": 1.385,
    "refractive index 298K": 1.385
  },
  "2,2,2-trifluoroethanol": {
    "acidity": 0.57,
    "aromaticity": 0.0,
    "basicity": 0.25,
    "dielectric": 26.726,
    "electronegative halogenicity": 0.5,
    "gamma": 42.02,
    "is water": false,
    "refractive index 293K": 1.2907,
    "refractive index 298K": 1.2907
  },
  "2,2,4-trimethylpentane": {
    "acidity": 0.0,
    "aromaticity": 0.0,
    "basicity": 0.0,
    "dielectric": 1.9358,
    "electronegative halogenicity": 0.0,
    "gamma": 26.38,
    "is water": false,
    "refractive index 293K": 1.3915,
    "refractive index 298K": 1.3915
  },
  "2,4-dimethylpentane": {
    "acidity": 0.0,
    "aromaticity": 0.0,
    "basicity": 0.0,
    "dielectric": 1.8939,
    "electronegative halogenicity": 0.0,
    "gamma": 25.42,
    "is water": false,
    "refractive index 293K": 1.3815,
    "refractive index 298K": 1.3815
  },
  "2,4-dimethylpyridine": {
    "acidity": 0.0,
    "aromaticity": 0.625,
    "basicity": 0.63,
    "dielectric": 9.4176,
    "electronegative halogenicity": 0.0,
    "gamma": 46.86,
    "is water": false,
    "refractive index 293K": 1.501,
    "refractive index 298K": 1.501
  },
  "2,6-dimethylpyridine": {
    "acidity": 0.0,
    "aromaticity": 0.625,
    "basicity": 0.63,
    "dielectric": 7.1735,
    "electronegative halogenicity": 0.0,
    "gamma": 44.64,
    "is water": false,
    "refractive index 293K": 1.4953,
    "refractive index 298K": 1.4953
  },
  "2-bromopropane": {
    "acidity": 0.0,
    "aromaticity": 0.0,
    "basicity": 0.14,
    "dielectric": 9.361,
    "electronegative halogenicity": 0.25,
    "gamma": 33.46,
    "is water": false,
    "refractive index 293K": 1.4251,
    "refractive index 298K": 1.4251
  },
  "2-butanol": {
    "acidity": 0.33,
    "aromaticity": 0.0,
    "basicity": 0.56,
    "dielectric": 15.944,
    "electronegative halogenicity": 0.0,
    "gamma": 32.44,
    "is water": false,
    "refractive index 293K": 1.3978,
    "refractive index 298K": 1.3978
  },
  "2-chlorobutane": {
    "acidity": 0.0,
    "aromaticity": 0.0,
    "basicity": 0.12,
    "dielectric": 8.393,
    "electronegative halogenicity": 0.2,
    "gamma": 31.1,
    "is water": false,
    "refractive index 293K": 1.3971,
    "refractive index 298K": 1.3971
  },
  "2-heptanone": {
    "acidity": 0.0,
    "aromaticity": 0.0,
    "basicity": 0.51,
    "dielectric": 11.658,
    "electronegative halogenicity": 0.0,
    "gamma": 37.6,
    "is water": false,
    "refractive index 293K": 1.4088,
    "refractive index 298K": 1.4088
  },
  "2-hexanone": {
    "acidity": 0.0,
    "aromaticity": 0.0,
    "basicity": 0.51,
    "dielectric": 14.136,
    "electronegative halogenicity": 0.0,
    "gamma": 36.63,
    "is water": false,
    "refractive index 293K": 1.4007,
    "refractive index 298K": 1.4007
  },
  "2-methoxyethanol": {
    "acidity": 0.3,
    "aromaticity": 0.0,
    "basicity": 0.84,
    "dielectric": 17.2,
    "electronegative halogenicity": 0.0,
    "gamma": 44.39,
    "is water": false,
    "refractive index 293K": 1.4024,
    "refractive index 298K": 1.4024
  },
  "2-methyl-1-propanol": {
    "acidity": 0.37,
    "aromaticity": 0.0,
    "basicity": 0.48,
    "dielectric": 16.777,
    "electronegative halogenicity": 0.0,
    "gamma": 32.38,
    "is water": false,
    "refractive index 293K": 1.3955,
    "refractive index 298K": 1.3955
  },
  "2-methyl-2-propanol": {
    "acidity": 0.31,
    "aromaticity": 0.0,
    "basicity": 0.6,
    "dielectric": 12.47,
    "electronegative halogenicity": 0.0,
    "gamma": 28.73,
    "is water": false,
    "refractive index 293K": 1.3878,
    "refractive index 298K": 1.3878
  },
  "2-methylpentane": {
    "acidity": 0.0,
    "aromaticity": 0.0,
    "basicity": 0.0,
    "dielectric": 1.89,
    "electronegative halogenicity": 0.0,
    "gamma": 24.3,
    "is water": false,
    "refractive index 293K": 1.3715,
    "refractive index 298K": 1.3715
  },
  "2-methylpyridine": {
    "acidity": 0.0,
    "aromaticity": 0.714,
    "basicity": 0.58,
    "dielectric": 9.9533,
    "electronegative halogenicity": 0.0,
    "gamma": 47.5,
    "is water": false,
    "refractive index 293K": 1.4957,
    "refractive index 298K": 1.4957
  },
  "2-nitropropane": {
    "acidity": 0.0,
    "aromaticity": 0.0,
    "basicity": 0.33,
    "dielectric": 25.654,
    "electronegative halogenicity": 0.0,
    "gamma": 42.16,
    "is water": false,
    "refractive index 293K": 1.3944,
    "refractive index 298K": 1.3944
  },
  "2-octanone": {
    "acidity": 0.0,
    "aromaticity": 0.0,
    "basicity": 0.51,
    "dielectric": 9.4678,
    "electronegative halogenicity": 0.0,
    "gamma": 37.29,
    "is water": false,
    "refractive index 293K": 1.4151,
    "refractive index 298K": 1.4151
  },
  "2-pentanone": {
    "acidity": 0.0,
    "aromaticity": 0.0,
    "basicity": 0.51,
    "dielectric": 15.2,
    "electronegative halogenicity": 0.0,
    "gamma": 33.46,
    "is water": false,
    "refractive index 293K": 1.3895,
    "refractive index 298K": 1.3895
  },
  "2-propanol": {
    "acidity": 0.33,
    "aromaticity": 0.0,
    "basicity": 0.56,
    "dielectric": 19.264,
    "electronegative halogenicity": 0.0,
    "gamma": 30.13,
    "is water": false,
    "refractive index 293K": 1.3776,
    "refractive index 298K": 1.3776
  },
  "2-propen-1-ol": {
    "acidity": 0.38,
    "aromaticity": 0.0,
    "basicity": 0.48,
    "dielectric": 19.011,
    "electronegative halogenicity": 0.0,
    "gamma": 36.39,
    "is water": false,
    "refractive index 293K": 1.4135,
    "refractive index 298K": 1.4135
  },
  "3-methylpyridine": {
    "acidity": 0.0,
    "aromaticity": 0.714,
    "basicity": 0.54,
    "dielectric": 11.645,
    "electronegative halogenicity": 0.0,
    "gamma": 49.61,
    "is water": false,
    "refractive index 293K": 1.504,
    "refractive index 298K": 1.504
  },
  "3-pentanone": {
    "acidity": 0.0,
    "aromaticity": 0.0,
    "basicity": 0.51,
    "dielectric": 16.78,
    "electronegative halogenicity": 0.0,
    "gamma": 35.61,
    "is water": false,
    "refractive index 293K": 1.3924,
    "refractive index 298K": 1.3924
  },
  "4-heptanone": {
    "acidity": 0.0,
    "aromaticity": 0.0,
    "basicity": 0.51,
    "dielectric": 12.257,
    "electronegative halogenicity": 0.0,
    "gamma": 35.98,
    "is water": false,
    "refractive index 293K": 1.4069,
    "refractive index 298K": 1.4069
  },
  "4-methyl-2-pentanone": {
    "acidity": 0.0,
    "aromaticity": 0.0,
    "basicity": 0.51,
    "dielectric": 12.887,
    "electronegative halogenicity": 0.0,
    "gamma": 33.83,
    "is water": false,
    "refractive index 293K": 1.3962,
    "refractive index 298K": 1.3962
  },
  "4-methylpyridine": {
    "acidity": 0.0,
    "aromaticity": 0.714,
    "basicity": 0.54,
    "dielectric": 11.957,
    "electronegative halogenicity": 0.0,
    "gamma": 50.17,
    "is water": false,
    "refractive index 293K": 1.5037,
    "refractive index 298K": 1.5037
  },
  "5-nonanone": {
    "acidity": 0.0,
    "aromaticity": 0.0,
    "basicity": 0.51,
    "dielectric": 10.6,
    "electronegative halogenicity": 0.0,
    "gamma": 37.83,
    "is water": false,
    "refractive index 293K": 1.4195,
    "refractive index 298K": 1.4195
  },
  "E-1,2-dichloroethene": {
    "acidity": 0.09,
    "aromaticity": 0.0,
    "basicity": 0.05,
    "dielectric": 2.14,
    "electronegative halogenicity": 0.5,
    "gamma": 37.13,
    "is water": false,
    "refractive index 293K": 1.4454,
    "refractive index 298K": 1.4454
  },
  "E-2-pentene": {
    "acidity": 0.0,
    "aromaticity": 0.0,
    "basicity": 0.07,
    "dielectric": 2.051,
    "electronegative halogenicity": 0.0,
    "gamma": 23.62,
    "is water": false,
    "refractive index 293K": 1.3793,
    "refractive index 298K": 1.3793
  },
  "N,N-dimethylacetamide": {
    "acidity": 0.0,
    "aromaticity": 0.0,
    "basicity": 0.78,
    "dielectric": 37.781,
    "electronegative halogenicity": 0.0,
    "gamma": 47.62,
    "is water": false,
    "refractive index 293K": 1.438,
    "refractive index 298K": 1.438
  },
  "N,N-dimethylformamide": {
    "acidity": 0.0,
    "aromaticity": 0.0,
    "basicity": 0.74,
    "dielectric": 37.219,
    "electronegative halogenicity": 0.0,
    "gamma": 49.56,
    "is water": false,
    "refractive index 293K": 1.4305,
    "refractive index 298K": 1.4305
  },
  "N-methylaniline": {
    "acidity": 0.17,
    "aromaticity": 0.75,
    "basicity": 0.43,
    "dielectric": 5.96,
    "electronegative halogenicity": 0.0,
    "gamma": 53.11,
    "is water": false,
    "refractive index 293K": 1.5684,
    "refractive index 298K": 1.5684
  },
  "N-methylformamide(E-Zmixture)": {
    "acidity": 0.4,
    "aromaticity": 0.0,
    "basicity": 0.55,
    "dielectric": 181.56,
    "electronegative halogenicity": 0.0,
    "gamma": 55.44,
    "is water": false,
    "refractive index 293K": 1.4319,
    "refractive index 298K": 1.4319
  },
  "Z-1,2-dichloroethene": {
    "acidity": 0.11,
    "aromaticity": 0.0,
    "basicity": 0.05,
    "dielectric": 9.2,
    "electronegative halogenicity": 0.5,
    "gamma": 39.8,
    "is water": false,
    "refractive index 293K": 1.449,
    "refractive index 298K": 1.449
  },
  "a-chlorotoluene": {
    "acidity": 0.0,
    "aromaticity": 0.75,
    "basicity": 0.33,
    "dielectric": 6.7175,
    "electronegative halogenicity": 0.125,
    "gamma": 53.04,
    "is water": false,
    "refractive index 293K": 1.5391,
    "refractive index 298K": 1.5391
  },
  "acetic acid": {
    "acidity": 0.61,
    "aromaticity": 0.0,
    "basicity": 0.44,
    "dielectric": 6.2528,
    "electronegative halogenicity": 0.0,
    "gamma": 39.01,
    "is water": false,
    "refractive index 293K": 1.372,
    "refractive index 298K": 1.372
  },
  "acetone": {
    "acidity": 0.04,
    "aromaticity": 0.0,
    "basicity": 0.49,
    "dielectric": 20.493,
    "electronegative halogenicity": 0.0,
    "gamma": 33.77,
    "is water": false,
    "refractive index 293K": 1.3588,
    "refractive index 298K": 1.3588
  },
  "acetonitrile": {
    "acidity": 0.07,
    "aromaticity": 0.0,
    "basicity": 0.32,
    "dielectric": 35.688,
    "electronegative halogenicity": 0.0,
    "gamma": 41.25,
    "is water": false,
    "refractive index 293K": 1.3442,
    "refractive index 298K": 1.3442
  },
  "acetophenone": {
    "acidity": 0.0,
    "aromaticity": 0.667,
    "basicity": 0.48,
    "dielectric": 17.44,
    "electronegative halogenicity": 0.0,
    "gamma": 56.19,
    "is water": false,
    "refractive index 293K": 1.5372,
    "refractive index 298K": 1.5372
  },
  "aniline": {
    "acidity": 0.26,
    "aromaticity": 0.857,
    "basicity": 0.41,
    "dielectric": 6.8882,
    "electronegative halogenicity": 0.0,
    "gamma": 60.62,
    "is water": false,
    "refractive index 293K": 1.5863,
    "refractive index 298K": 1.5863
  },
  "anisole": {
    "acidity": 0.0,
    "aromaticity": 0.75,
    "basicity": 0.29,
    "dielectric": 4.2247,
    "electronegative halogenicity": 0.0,
    "gamma": 50.52,
    "is water": false,
    "refractive index 293K": 1.5174,
    "refractive index 298K": 1.5174
  },
  "benzaldehyde": {
    "acidity": 0.0,
    "aromaticity": 0.857,
    "basicity": 0.39,
    "dielectric": 18.22,
    "electronegative halogenicity": 0.0,
    "gamma": 54.69,
    "is water": false,
    "refractive index 293K": 1.5463,
    "refractive index 298K": 1.5463
  },
  "benzene": {
    "acidity": 0.0,
    "aromaticity": 1.0,
    "basicity": 0.14,
    "dielectric": 2.2706,
    "electronegative halogenicity": 0.0,
    "gamma": 40.62,
    "is water": false,
    "refractive index 293K": 1.5011,
    "refractive index 298K": 1.5011
  },
  "benzonitrile": {
    "acidity": 0.0,
    "aromaticity": 0.75,
    "basicity": 0.33,
    "dielectric": 25.592,
    "electronegative halogenicity": 0.0,
    "gamma": 55.83,
    "is water": false,
    "refractive index 293K": 1.5289,
    "refractive index 298K": 1.5289
  },
  "benzylalcohol": {
    "acidity": 0.33,
    "aromaticity": 0.75,
    "basicity": 0.56,
    "dielectric": 12.457,
    "electronegative halogenicity": 0.0,
    "gamma": 52.96,
    "is water": false,
    "refractive index 293K": 1.5396,
    "refractive index 298K": 1.5396
  },
  "bromobenzene": {
    "acidity": 0.0,
    "aromaticity": 0.857,
    "basicity": 0.09,
    "dielectric": 5.3954,
    "electronegative halogenicity": 0.143,
    "gamma": 50.72,
    "is water": false,
    "refractive index 293K": 1.5597,
    "refractive index 298K": 1.5597
  },
  "bromoethane": {
    "acidity": 0.0,
    "aromaticity": 0.0,
    "basicity": 0.12,
    "dielectric": 9.01,
    "electronegative halogenicity": 0.333,
    "gamma": 34.0,
    "is water": false,
    "refractive index 293K": 1.4239,
    "refractive index 298K": 1.4239
  },
  "bromoform": {
    "acidity": 0.15,
    "aromaticity": 0.0,
    "basicity": 0.06,
    "dielectric": 4.2488,
    "electronegative halogenicity": 0.75,
    "gamma": 64.58,
    "is water": false,
    "refractive index 293K": 1.6005,
    "refractive index 298K": 1.6005
  },
  "butanal": {
    "acidity": 0.0,
    "aromaticity": 0.0,
    "basicity": 0.45,
    "dielectric": 13.45,
    "electronegative halogenicity": 0.0,
    "gamma": 35.06,
    "is water": false,
    "refractive index 293K": 1.3843,
    "refractive index 298K": 1.3843
  },
  "butanoic acid": {
    "acidity": 0.6,
    "aromaticity": 0.0,
    "basicity": 0.45,
    "dielectric": 2.9931,
    "electronegative halogenicity": 0.0,
    "gamma": 37.49,
    "is water": false,
    "refractive index 293K": 1.398,
    "refractive index 298K": 1.398
  },
  "butanone": {
    "acidity": 0.0,
    "aromaticity": 0.0,
    "basicity": 0.51,
    "dielectric": 18.246,
    "electronegative halogenicity": 0.0,
    "gamma": 34.5,
    "is water": false,
    "refractive index 293K": 1.3788,
    "refractive index 298K": 1.3788
  },
  "butanonitrile": {
    "acidity": 0.0,
    "aromaticity": 0.0,
    "basicity": 0.36,
    "dielectric": 24.291,
    "electronegative halogenicity": 0.0,
    "gamma": 38.75,
    "is water": false,
    "refractive index 293K": 1.3842,
    "refractive index 298K": 1.3842
  },
  "butylamine": {
    "acidity": 0.16,
    "aromaticity": 0.0,
    "basicity": 0.61,
    "dielectric": 4.6178,
    "electronegative halogenicity": 0.0,
    "gamma": 33.74,
    "is water": false,
    "refractive index 293K": 1.4031,
    "refractive index 298K": 1.4031
  },
  "butylethanoate": {
    "acidity": 0.0,
    "aromaticity": 0.0,
    "basicity": 0.45,
    "dielectric": 4.9941,
    "electronegative halogenicity": 0.0,
    "gamma": 35.81,
    "is water": false,
    "refractive index 293K": 1.3941,
    "refractive index 298K": 1.3941
  },
  "butylether": {
    "acidity": 0.0,
    "aromaticity": 0.0,
    "basicity": 0.45,
    "dielectric": 3.0473,
    "electronegative halogenicity": 0.0,
    "gamma": 35.98,
    "is water": false,
    "refractive index 293K": 1.3992,
    "refractive index 298K": 1.3992
  },
  "carbon disulfide": {
    "acidity": 0.0,
    "aromaticity": 0.0,
    "basicity": 0.07,
    "dielectric": 2.6105,
    "electronegative halogenicity": 0.0,
    "gamma": 45.45,
    "is water": false,
    "refractive index 293K": 1.6319,
    "refractive index 298K": 1.6319
  },
  "carbon tetrachloride": {
    "acidity": 0.0,
    "aromaticity": 0.0,
    "basicity": 0.0,
    "dielectric": 2.228,
    "electronegative halogenicity": 0.8,
    "gamma": 38.04,
    "is water": false,
    "refractive index 293K": 1.4601,
    "refractive index 298K": 1.4601
  },
  "chlorobenzene": {
    "acidity": 0.0,
    "aromaticity": 0.857,
    "basicity": 0.07,
    "dielectric": 5.6968,
    "electronegative halogenicity": 0.143,
    "gamma": 47.48,
    "is water": false,
    "refractive index 293K": 1.5241,
    "refractive index 298K": 1.5241
  },
  "chloroform": {
    "acidity": 0.15,
    "aromaticity": 0.0,
    "basicity": 0.02,
    "dielectric": 4.7113,
    "electronegative halogenicity": 0.75,
    "gamma": 38.39,
    "is water": false,
    "refractive index 293K": 1.4459,
    "refractive index 298K": 1.4459
  },
  "cis-1,2-dimethylcyclohexane": {
    "acidity": 0.0,
    "aromaticity": 0.0,
    "basicity": 0.0,
    "dielectric": 2.06,
    "electronegative halogenicity": 0.0,
    "gamma": 36.28,
    "is water": false,
    "refractive index 293K": 1.436,
    "refractive index 298K": 1.436
  },
  "cis-decalin": {
    "acidity": 0.0,
    "aromaticity": 0.0,
    "basicity": 0.0,
    "dielectric": 2.2139,
    "electronegative halogenicity": 0.0,
    "gamma": 45.45,
    "is water": false,
    "refractive index 293K": 1.481,
    "refractive index 298K": 1.481
  },
  "cyclohexane": {
    "acidity": 0.0,
    "aromaticity": 0.0,
    "basicity": 0.0,
    "dielectric": 2.0165,
    "electronegative halogenicity": 0.0,
    "gamma": 35.48,
    "is water": false,
    "refractive index 293K": 1.4266,
    "refractive index 298K": 1.4266
  },
  "cyclohexanone": {
    "acidity": 0.0,
    "aromaticity": 0.0,
    "basicity": 0.56,
    "dielectric": 15.619,
    "electronegative halogenicity": 0.0,
    "gamma": 49.76,
    "is water": false,
    "refractive index 293K": 1.4507,
    "refractive index 298K": 1.4507
  },
  "cyclopentane": {
    "acidity": 0.0,
    "aromaticity": 0.0,
    "basicity": 0.0,
    "dielectric": 1.9608,
    "electronegative halogenicity": 0.0,
    "gamma": 31.49,
    "is water": false,
    "refractive index 293K": 1.4065,
    "refractive index 298K": 1.4065
  },
  "cyclopentanol": {
    "acidity": 0.32,
    "aromaticity": 0.0,
    "basicity": 0.56,
    "dielectric": 16.989,
    "electronegative halogenicity": 0.0,
    "gamma": 46.8,
    "is water": false,
    "refractive index 293K": 1.453,
    "refractive index 298K": 1.453
  },
  "cyclopentanone": {
    "acidity": 0.0,
    "aromaticity": 0.0,
    "basicity": 0.52,
    "dielectric": 13.58,
    "electronegative halogenicity": 0.0,
    "gamma": 47.21,
    "is water": false,
    "refractive index 293K": 1.4366,
    "refractive index 298K": 1.4366
  },
  "decalin (cis-trans mixture)": {
    "acidity": 0.0,
    "aromaticity": 0.0,
    "basicity": 0.0,
    "dielectric": 2.196,
    "electronegative halogenicity": 0.0,
    "gamma": 43.82,
    "is water": false,
    "refractive index 293K": 1.4753,
    "refractive index 298K": 1.4753
  },
  "dibromomethane": {
    "acidity": 0.1,
    "aromaticity": 0.0,
    "basicity": 0.1,
    "dielectric": 7.2273,
    "electronegative halogenicity": 0.667,
    "gamma": 56.21,
    "is water": false,
    "refractive index 293K": 1.542,
    "refractive index 298K": 1.542
  },
  "dichloromethane": {
    "acidity": 0.1,
    "aromaticity": 0.0,
    "basicity": 0.05,
    "dielectric": 8.93,
    "electronegative halogenicity": 0.667,
    "gamma": 39.15,
    "is water": false,
    "refractive index 293K": 1.4242,
    "refractive index 298K": 1.4242
  },
  "diethylamine": {
    "acidity": 0.08,
    "aromaticity": 0.0,
    "basicity": 0.69,
    "dielectric": 3.5766,
    "electronegative halogenicity": 0.0,
    "gamma": 28.57,
    "is water": false,
    "refractive index 293K": 1.3864,
    "refractive index 298K": 1.3864
  },
  "diethylether": {
    "acidity": 0.0,
    "aromaticity": 0.0,
    "basicity": 0.41,
    "dielectric": 4.24,
    "electronegative halogenicity": 0.0,
    "gamma": 23.96,
    "is water": false,
    "refractive index 293K": 1.3526,
    "refractive index 298K": 1.3526
  },
  "diethylsulfide": {
    "acidity": 0.0,
    "aromaticity": 0.0,
    "basicity": 0.32,
    "dielectric": 5.723,
    "electronegative halogenicity": 0.0,
    "gamma": 35.36,
    "is water": false,
    "refractive index 293K": 1.443,
    "refractive index 298K": 1.443
  },
  "diiodomethane": {
    "acidity": 0.05,
    "aromaticity": 0.0,
    "basicity": 0.23,
    "dielectric": 5.32,
    "electronegative halogenicity": 0.0,
    "gamma": 95.25,
    "is water": false,
    "refractive index 293K": 1.7425,
    "refractive index 298K": 1.7425
  },
  "diisopropyl ether": {
    "acidity": 0.0,
    "aromaticity": 0.0,
    "basicity": 0.41,
    "dielectric": 3.38,
    "electronegative halogenicity": 0.0,
    "gamma": 24.86,
    "is water": false,
    "refractive index 293K": 1.3679,
    "refractive index 298K": 1.3679
  },
  "dimethyldisulfide": {
    "acidity": 0.0,
    "aromaticity": 0.0,
    "basicity": 0.28,
    "dielectric": 9.6,
    "electronegative halogenicity": 0.0,
    "gamma": 48.06,
    "is water": false,
    "refractive index 293K": 1.5289,
    "refractive index 298K": 1.5289
  },
  "dimethylsulfoxide": {
    "acidity": 0.0,
    "aromaticity": 0.0,
    "basicity": 0.88,
    "dielectric": 46.826,
    "electronegative halogenicity": 0.0,
    "gamma": 61.78,
    "is water": false,
    "refractive index 293K": 1.4783,
    "refractive index 298K": 1.4783
  },
  "diphenylether": {
    "acidity": 0.0,
    "aromaticity": 0.923,
    "basicity": 0.2,
    "dielectric": 3.73,
    "electronegative halogenicity": 0.0,
    "gamma": 38.5,
    "is water": false,
    "refractive index 293K": 1.5787,
    "refractive index 298K": 1.5787
  },
  "dipropylamine": {
    "acidity": 0.08,
    "aromaticity": 0.0,
    "basicity": 0.69,
    "dielectric": 2.9112,
    "electronegative halogenicity": 0.0,
    "gamma": 32.11,
    "is water": false,
    "refractive index 293K": 1.405,
    "refractive index 298K": 1.405
  },
  "ethanethiol": {
    "acidity": 0.0,
    "aromaticity": 0.0,
    "basicity": 0.24,
    "dielectric": 6.667,
    "electronegative halogenicity": 0.0,
    "gamma": 33.22,
    "is water": false,
    "refractive index 293K": 1.431,
    "refractive index 298K": 1.431
  },
  "ethanol": {
    "acidity": 0.37,
    "aromaticity": 0.0,
    "basicity": 0.48,
    "dielectric": 24.852,
    "electronegative halogenicity": 0.0,
    "gamma": 31.62,
    "is water": false,
    "refractive index 293K": 1.3611,
    "refractive index 298K": 1.3611
  },
  "ethylbenzene": {
    "acidity": 0.0,
    "aromaticity": 0.75,
    "basicity": 0.15,
    "dielectric": 2.4339,
    "electronegative halogenicity": 0.0,
    "gamma": 41.38,
    "is water": false,
    "refractive index 293K": 1.4959,
    "refractive index 298K": 1.4959
  },
  "ethylethanoate": {
    "acidity": 0.0,
    "aromaticity": 0.0,
    "basicity": 0.45,
    "dielectric": 5.9867,
    "electronegative halogenicity": 0.0,
    "gamma": 33.67,
    "is water": false,
    "refractive index 293K": 1.3723,
    "refractive index 298K": 1.3723
  },
  "ethylmethanoate": {
    "acidity": 0.0,
    "aromaticity": 0.0,
    "basicity": 0.38,
    "dielectric": 8.331,
    "electronegative halogenicity": 0.0,
    "gamma": 33.36,
    "is water": false,
    "refractive index 293K": 1.3599,
    "refractive index 298K": 1.3599
  },
  "ethylphenylether": {
    "acidity": 0.0,
    "aromaticity": 0.667,
    "basicity": 0.32,
    "dielectric": 4.1797,
    "electronegative halogenicity": 0.0,
    "gamma": 46.65,
    "is water": false,
    "refractive index 293K": 1.5076,
    "refractive index 298K": 1.5076
  },
  "fluorobenzene": {
    "acidity": 0.0,
    "aromaticity": 0.857,
    "basicity": 0.1,
    "dielectric": 5.42,
    "electronegative halogenicity": 0.143,
    "gamma": 38.37,
    "is water": false,
    "refractive index 293K": 1.4684,
    "refractive index 298K": 1.4684
  },
  "formamide": {
    "acidity": 0.62,
    "aromaticity": 0.0,
    "basicity": 0.6,
    "dielectric": 108.94,
    "electronegative halogenicity": 0.0,
    "gamma": 82.08,
    "is water": false,
    "refractive index 293K": 1.4472,
    "refractive index 298K": 1.4472
  },
  "formicacid": {
    "acidity": 0.75,
    "aromaticity": 0.0,
    "basicity": 0.38,
    "dielectric": 51.1,
    "electronegative halogenicity": 0.0,
    "gamma": 53.44,
    "is water": false,
    "refractive index 293K": 1.3714,
    "refractive index 298K": 1.3714
  },
  "hexanoicacid": {
    "acidity": 0.6,
    "aromaticity": 0.0,
    "basicity": 0.45,
    "dielectric": 2.6,
    "electronegative halogenicity": 0.0,
    "gamma": 39.65,
    "is water": false,
    "refractive index 293K": 1.4163,
    "refractive index 298K": 1.4163
  },
  "iodobenzene": {
    "acidity": 0.0,
    "aromaticity": 0.857,
    "basicity": 0.12,
    "dielectric": 4.547,
    "electronegative halogenicity": 0.0,
    "gamma": 55.72,
    "is water": false,
    "refractive index 293K": 1.62,
    "refractive index 298K": 1.62
  },
  "iodoethane": {
    "acidity": 0.0,
    "aromaticity": 0.0,
    "basicity": 0.15,
    "dielectric": 7.6177,
    "electronegative halogenicity": 0.0,
    "gamma": 40.96,
    "is water": false,
    "refractive index 293K": 1.5133,
    "refractive index 298K": 1.5133
  },
  "iodomethane": {
    "acidity": 0.0,
    "aromaticity": 0.0,
    "basicity": 0.13,
    "dielectric": 6.865,
    "electronegative halogenicity": 0.0,
    "gamma": 43.67,
    "is water": false,
    "refractive index 293K": 1.538,
    "refractive index 298K": 1.538
  },
  "isopropylbenzene": {
    "acidity": 0.0,
    "aromaticity": 0.667,
    "basicity": 0.16,
    "dielectric": 2.3712,
    "electronegative halogenicity": 0.0,
    "gamma": 39.85,
    "is water": false,
    "refractive index 293K": 1.4915,
    "refractive index 298K": 1.4915
  },
  "m-cresol": {
    "acidity": 0.57,
    "aromaticity": 0.75,
    "basicity": 0.34,
    "dielectric": 12.44,
    "electronegative halogenicity": 0.0,
    "gamma": 51.37,
    "is water": false,
    "refractive index 293K": 1.5438,
    "refractive index 298K": 1.5438
  },
  "m-xylene": {
    "acidity": 0.0,
    "aromaticity": 0.75,
    "basicity": 0.16,
    "dielectric": 2.3478,
    "electronegative halogenicity": 0.0,
    "gamma": 40.98,
    "is water": false,
    "refractive index 293K": 1.4972,
    "refractive index 298K": 1.4972
  },
  "mesitylene": {
    "acidity": 0.0,
    "aromaticity": 0.667,
    "basicity": 0.19,
    "dielectric": 2.265,
    "electronegative halogenicity": 0.0,
    "gamma": 39.65,
    "is water": false,
    "refractive index 293K": 1.4994,
    "refractive index 298K": 1.4994
  },
  "methanol": {
    "acidity": 0.43,
    "aromaticity": 0.0,
    "basicity": 0.47,
    "dielectric": 32.613,
    "electronegative halogenicity": 0.0,
    "gamma": 31.77,
    "is water": false,
    "refractive index 293K": 1.3288,
    "refractive index 298K": 1.3288
  },
  "methylbenzoate": {
    "acidity": 0.0,
    "aromaticity": 0.6,
    "basicity": 0.46,
    "dielectric": 6.7367,
    "electronegative halogenicity": 0.0,
    "gamma": 53.5,
    "is water": false,
    "refractive index 293K": 1.5164,
    "refractive index 298K": 1.5164
  },
  "methylbutanoate": {
    "acidity": 0.0,
    "aromaticity": 0.0,
    "basicity": 0.45,
    "dielectric": 5.5607,
    "electronegative halogenicity": 0.0,
    "gamma": 35.44,
    "is water": false,
    "refractive index 293K": 1.3878,
    "refractive index 298K": 1.3878
  },
  "methylcyclohexane": {
    "acidity": 0.0,
    "aromaticity": 0.0,
    "basicity": 0.0,
    "dielectric": 2.024,
    "electronegative halogenicity": 0.0,
    "gamma": 33.52,
    "is water": false,
    "refractive index 293K": 1.4231,
    "refractive index 298K": 1.4231
  },
  "methylethanoate": {
    "acidity": 0.0,
    "aromaticity": 0.0,
    "basicity": 0.45,
    "dielectric": 6.8615,
    "electronegative halogenicity": 0.0,
    "gamma": 35.59,
    "is water": false,
    "refractive index 293K": 1.3614,
    "refractive index 298K": 1.3614
  },
  "methylmethanoate": {
    "acidity": 0.0,
    "aromaticity": 0.0,
    "basicity": 0.38,
    "dielectric": 8.8377,
    "electronegative halogenicity": 0.0,
    "gamma": 35.06,
    "is water": false,
    "refractive index 293K": 1.3433,
    "refractive index 298K": 1.3433
  },
  "methylpropanoate": {
    "acidity": 0.0,
    "aromaticity": 0.0,
    "basicity": 0.45,
    "dielectric": 6.0777,
    "electronegative halogenicity": 0.0,
    "gamma": 35.18,
    "is water": false,
    "refractive index 293K": 1.3775,
    "refractive index 298K": 1.3775
  },
  "n-butylbenzene": {
    "acidity": 0.0,
    "aromaticity": 0.6,
    "basicity": 0.15,
    "dielectric": 2.36,
    "electronegative halogenicity": 0.0,
    "gamma": 41.33,
    "is water": false,
    "refractive index 293K": 1.4898,
    "refractive index 298K": 1.4898
  },
  "n-decane": {
    "acidity": 0.0,
    "aromaticity": 0.0,
    "basicity": 0.0,
    "dielectric": 1.9846,
    "electronegative halogenicity": 0.0,
    "gamma": 33.64,
    "is water": false,
    "refractive index 293K": 1.4102,
    "refractive index 298K": 1.4102
  },
  "n-dodecane": {
    "acidity": 0.0,
    "aromaticity": 0.0,
    "basicity": 0.0,
    "dielectric": 2.006,
    "electronegative halogenicity": 0.0,
    "gamma": 35.85,
    "is water": false,
    "refractive index 293K": 1.4216,
    "refractive index 298K": 1.4216
  },
  "n-heptane": {
    "acidity": 0.0,
    "aromaticity": 0.0,
    "basicity": 0.0,
    "dielectric": 1.9113,
    "electronegative halogenicity": 0.0,
    "gamma": 28.28,
    "is water": false,
    "refractive index 293K": 1.3878,
    "refractive index 298K": 1.3878
  },
  "n-hexadecane": {
    "acidity": 0.0,
    "aromaticity": 0.0,
    "basicity": 0.0,
    "dielectric": 2.0402,
    "electronegative halogenicity": 0.0,
    "gamma": 38.93,
    "is water": false,
    "refractive index 293K": 1.4345,
    "refractive index 298K": 1.4345
  },
  "n-hexane": {
    "acidity": 0.0,
    "aromaticity": 0.0,
    "basicity": 0.0,
    "dielectric": 1.8819,
    "electronegative halogenicity": 0.0,
    "gamma": 25.75,
    "is water": false,
    "refractive index 293K": 1.3749,
    "refractive index 298K": 1.3749
  },
  "n-nonane": {
    "acidity": 0.0,
    "aromaticity": 0.0,
    "basicity": 0.0,
    "dielectric": 1.9605,
    "electronegative halogenicity": 0.0,
    "gamma": 32.21,
    "is water": false,
    "refractive index 293K": 1.4054,
    "refractive index 298K": 1.4054
  },
  "n-octane": {
    "acidity": 0.0,
    "aromaticity": 0.0,
    "basicity": 0.0,
    "dielectric": 1.9406,
    "electronegative halogenicity": 0.0,
    "gamma": 30.43,
    "is water": false,
    "refractive index 293K": 1.3974,
    "refractive index 298K": 1.3974
  },
  "n-pentadecane": {
    "acidity": 0.0,
    "aromaticity": 0.0,
    "basicity": 0.0,
    "dielectric": 2.0333,
    "electronegative halogenicity": 0.0,
    "gamma": 38.34,
    "is water": false,
    "refractive index 293K": 1.4315,
    "refractive index 298K": 1.4315
  },
  "n-pentane": {
    "acidity": 0.0,
    "aromaticity": 0.0,
    "basicity": 0.0,
    "dielectric": 1.8371,
    "electronegative halogenicity": 0.0,
    "gamma": 22.3,
    "is water": false,
    "refractive index 293K": 1.3575,
    "refractive index 298K": 1.3575
  },
  "n-undecane": {
    "acidity": 0.0,
    "aromaticity": 0.0,
    "basicity": 0.0,
    "dielectric": 1.991,
    "electronegative halogenicity": 0.0,
    "gamma": 34.85,
    "is water": false,
    "refractive index 293K": 1.4398,
    "refractive index 298K": 1.4398
  },
  "nitrobenzene": {
    "acidity": 0.0,
    "aromaticity": 0.667,
    "basicity": 0.28,
    "dielectric": 34.809,
    "electronegative halogenicity": 0.0,
    "gamma": 57.54,
    "is water": false,
    "refractive index 293K": 1.5562,
    "refractive index 298K": 1.5562
  },
  "nitroethane": {
    "acidity": 0.02,
    "aromaticity": 0.0,
    "basicity": 0.33,
    "dielectric": 28.29,
    "electronegative halogenicity": 0.0,
    "gamma": 46.25,
    "is water": false,
    "refractive index 293K": 1.3917,
    "refractive index 298K": 1.3917
  },
  "nitromethane": {
    "acidity": 0.06,
    "aromaticity": 0.0,
    "basicity": 0.31,
    "dielectric": 36.562,
    "electronegative halogenicity": 0.0,
    "gamma": 52.58,
    "is water": false,
    "refractive index 293K": 1.3817,
    "refractive index 298K": 1.3817
  },
  "o-chlorotoluene": {
    "acidity": 0.0,
    "aromaticity": 0.75,
    "basicity": 0.07,
    "dielectric": 4.6331,
    "electronegative halogenicity": 0.125,
    "gamma": 47.43,
    "is water": false,
    "refractive index 293K": 1.5268,
    "refractive index 298K": 1.5268
  },
  "o-cresol": {
    "acidity": 0.52,
    "aromaticity": 0.75,
    "basicity": 0.3,
    "dielectric": 6.76,
    "electronegative halogenicity": 0.0,
    "gamma": 53.11,
    "is water": false,
    "refractive index 293K": 1.5361,
    "refractive index 298K": 1.5361
  },
  "o-dichlorobenzene": {
    "acidity": 0.0,
    "aromaticity": 0.75,
    "basicity": 0.04,
    "dielectric": 9.9949,
    "electronegative halogenicity": 0.25,
    "gamma": 52.72,
    "is water": false,
    "refractive index 293K": 1.5515,
    "refractive index 298K": 1.5515
  },
  "o-nitrotoluene": {
    "acidity": 0.0,
    "aromaticity": 0.6,
    "basicity": 0.27,
    "dielectric": 25.669,
    "electronegative halogenicity": 0.0,
    "gamma": 59.12,
    "is water": false,
    "refractive index 293K": 1.545,
    "refractive index 298K": 1.545
  },
  "o-xylene": {
    "acidity": 0.0,
    "aromaticity": 0.75,
    "basicity": 0.16,
    "dielectric": 2.5454,
    "electronegative halogenicity": 0.0,
    "gamma": 42.83,
    "is water": false,
    "refractive index 293K": 1.5055,
    "refractive index 298K": 1.5055
  },
  "p-isopropyltoluene": {
    "acidity": 0.0,
    "aromaticity": 0.6,
    "basicity": 0.19,
    "dielectric": 2.2322,
    "electronegative halogenicity": 0.0,
    "gamma": 38.34,
    "is water": false,
    "refractive index 293K": 1.4909,
    "refractive index 298K": 1.4909
  },
  "p-xylene": {
    "acidity": 0.0,
    "aromaticity": 0.75,
    "basicity": 0.16,
    "dielectric": 2.2705,
    "electronegative halogenicity": 0.0,
    "gamma": 40.32,
    "is water": false,
    "refractive index 293K": 1.4958,
    "refractive index 298K": 1.4958
  },
  "pentanal": {
    "acidity": 0.0,
    "aromaticity": 0.0,
    "basicity": 0.4,
    "dielectric": 10.0,
    "electronegative halogenicity": 0.0,
    "gamma": 36.62,
    "is water": false,
    "refractive index 293K": 1.3944,
    "refractive index 298K": 1.3944
  },
  "pentanoic acid": {
    "acidity": 0.6,
    "aromaticity": 0.0,
    "basicity": 0.45,
    "dielectric": 2.6924,
    "electronegative halogenicity": 0.0,
    "gamma": 38.4,
    "is water": false,
    "refractive index 293K": 1.4085,
    "refractive index 298K": 1.4085
  },
  "pentyl ethanoate": {
    "acidity": 0.0,
    "aromaticity": 0.0,
    "basicity": 0.45,
    "dielectric": 4.7297,
    "electronegative halogenicity": 0.0,
    "gamma": 36.23,
    "is water": false,
    "refractive index 293K": 1.4023,
    "refractive index 298K": 1.4023
  },
  "pentylamine": {
    "acidity": 0.16,
    "aromaticity": 0.0,
    "basicity": 0.61,
    "dielectric": 4.201,
    "electronegative halogenicity": 0.0,
    "gamma": 35.54,
    "is water": false,
    "refractive index 293K": 1.448,
    "refractive index 298K": 1.448
  },
  "perfluorobenzene": {
    "acidity": 0.0,
    "aromaticity": 0.5,
    "basicity": 0.0,
    "dielectric": 2.029,
    "electronegative halogenicity": 0.5,
    "gamma": 31.74,
    "is water": false,
    "refractive index 293K": 1.3777,
    "refractive index 298K": 1.3777
  },
  "propanal": {
    "acidity": 0.0,
    "aromaticity": 0.0,
    "basicity": 0.45,
    "dielectric": 18.5,
    "electronegative halogenicity": 0.0,
    "gamma": 32.48,
    "is water": false,
    "refractive index 293K": 1.3636,
    "refractive index 298K": 1.3636
  },
  "propanoic acid": {
    "acidity": 0.6,
    "aromaticity": 0.0,
    "basicity": 0.45,
    "dielectric": 3.44,
    "electronegative halogenicity": 0.0,
    "gamma": 37.71,
    "is water": false,
    "refractive index 293K": 1.3869,
    "refractive index 298K": 1.3869
  },
  "propanonitrile": {
    "acidity": 0.02,
    "aromaticity": 0.0,
    "basicity": 0.36,
    "dielectric": 29.324,
    "electronegative halogenicity": 0.0,
    "gamma": 38.5,
    "is water": false,
    "refractive index 293K": 1.3655,
    "refractive index 298K": 1.3655
  },
  "propyl ethanoate": {
    "acidity": 0.0,
    "aromaticity": 0.0,
    "basicity": 0.45,
    "dielectric": 5.5205,
    "electronegative halogenicity": 0.0,
    "gamma": 34.26,
    "is water": false,
    "refractive index 293K": 1.3842,
    "refractive index 298K": 1.3842
  },
  "propylamine": {
    "acidity": 0.16,
    "aromaticity": 0.0,
    "basicity": 0.61,
    "dielectric": 4.9912,
    "electronegative halogenicity": 0.0,
    "gamma": 31.31,
    "is water": false,
    "refractive index 293K": 1.387,
    "refractive index 298K": 1.387
  },
  "pyridine": {
    "acidity": 0.0,
    "aromaticity": 0.833,
    "basicity": 0.52,
    "dielectric": 12.978,
    "electronegative halogenicity": 0.0,
    "gamma": 52.62,
    "is water": false,
    "refractive index 293K": 1.5095,
    "refractive index 298K": 1.5095
  },
  "sec-butylbenzene": {
    "acidity": 0.0,
    "aromaticity": 0.6,
    "basicity": 0.16,
    "dielectric": 2.3446,
    "electronegative halogenicity": 0.0,
    "gamma": 40.35,
    "is water": false,
    "refractive index 293K": 1.4895,
    "refractive index 298K": 1.4895
  },
  "tert-butylbenzene": {
    "acidity": 0.0,
    "aromaticity": 0.6,
    "basicity": 0.16,
    "dielectric": 2.3447,
    "electronegative halogenicity": 0.0,
    "gamma": 39.78,
    "is water": false,
    "refractive index 293K": 1.4927,
    "refractive index 298K": 1.4927
  },
  "tetrachloroethene": {
    "acidity": 0.0,
    "aromaticity": 0.0,
    "basicity": 0.0,
    "dielectric": 2.268,
    "electronegative halogenicity": 0.667,
    "gamma": 45.19,
    "is water": false,
    "refractive index 293K": 1.5053,
    "refractive index 298K": 1.5053
  },
  "tetrahydrofuran": {
    "acidity": 0.0,
    "aromaticity": 0.0,
    "basicity": 0.48,
    "dielectric": 7.4257,
    "electronegative halogenicity": 0.0,
    "gamma": 39.44,
    "is water": false,
    "refractive index 293K": 1.405,
    "refractive index 298K": 1.405
  },
  "tetrahydrothiophene-S,S-dioxide": {
    "acidity": 0.0,
    "aromaticity": 0.0,
    "basicity": 0.88,
    "dielectric": 43.962,
    "electronegative halogenicity": 0.0,
    "gamma": 87.49,
    "is water": false,
    "refractive index 293K": 1.4833,
    "refractive index 298K": 1.4833
  },
  "tetralin": {
    "acidity": 0.0,
    "aromaticity": 0.6,
    "basicity": 0.19,
    "dielectric": 2.771,
    "electronegative halogenicity": 0.0,
    "gamma": 47.74,
    "is water": false,
    "refractive index 293K": 1.5413,
    "refractive index 298K": 1.5413
  },
  "thiophene": {
    "acidity": 0.0,
    "aromaticity": 0.8,
    "basicity": 0.15,
    "dielectric": 2.727,
    "electronegative halogenicity": 0.0,
    "gamma": 44.16,
    "is water": false,
    "refractive index 293K": 1.5289,
    "refractive index 298K": 1.5289
  },
  "thiophenol": {
    "acidity": 0.09,
    "aromaticity": 0.857,
    "basicity": 0.16,
    "dielectric": 4.2728,
    "electronegative halogenicity": 0.0,
    "gamma": 55.24,
    "is water": false,
    "refractive index 293K": 1.5893,
    "refractive index 298K": 1.5893
  },
  "toluene": {
    "acidity": 0.0,
    "aromaticity": 0.857,
    "basicity": 0.14,
    "dielectric": 2.3741,
    "electronegative halogenicity": 0.0,
    "gamma": 40.2,
    "is water": false,
    "refractive index 293K": 1.4961,
    "refractive index 298K": 1.4961
  },
  "trans-decalin": {
    "acidity": 0.0,
    "aromaticity": 0.0,
    "basicity": 0.0,
    "dielectric": 2.1781,
    "electronegative halogenicity": 0.0,
    "gamma": 42.19,
    "is water": false,
    "refractive index 293K": 1.4695,
    "refractive index 298K": 1.4695
  },
  "tributylphosphate": {
    "acidity": 0.0,
    "aromaticity": 0.0,
    "basicity": 1.21,
    "dielectric": 8.1781,
    "electronegative halogenicity": 0.0,
    "gamma": 27.55,
    "is water": false,
    "refractive index 293K": 1.4224,
    "refractive index 298K": 1.4224
  },
  "trichloroethene": {
    "acidity": 0.08,
    "aromaticity": 0.0,
    "basicity": 0.03,
    "dielectric": 3.422,
    "electronegative halogenicity": 0.6,
    "gamma": 41.45,
    "is water": false,
    "refractive index 293K": 1.4773,
    "refractive index 298K": 1.4773
  },
  "triethylamine": {
    "acidity": 0.0,
    "aromaticity": 0.0,
    "basicity": 0.79,
    "dielectric": 2.3832,
    "electronegative halogenicity": 0.0,
    "gamma": 29.1,
    "is water": false,
    "refractive index 293K": 1.401,
    "refractive index 298K": 1.401
  },
  "water": {
    "acidity": -1.0,
    "aromaticity": -1.0,
    "basicity": -1.0,
    "dielectric": 78.355,
    "electronegative halogenicity": -1.0,
    "gamma": -1.0,
    "is water": true,
    "refractive index 293K": 1.3328,
    "refractive index 298K": 1.3328
  },
  "xylene (mixture)": {
    "acidity": 0.0,
    "aromaticity": 0.75,
    "basicity": 0.16,
    "dielectric": 2.3879,
    "electronegative halogenicity": 0.0,
    "gamma": 41.38,
    "is water": false,
    "refractive index 293K": 1.4995,
    "refractive index 298K": 1.4995
  }
}